{
    "2020": {
        "01": {
            "DE_wind_capacity": {
                "count": 729.0,
                "mean": 50452.0,
                "std": 0.0,
                "min": 50452.0,
                "25%": 50452.0,
                "50%": 50452.0,
                "75%": 50452.0,
                "max": 50452.0
            },
            "DE_wind_speed": {
                "count": 729.0,
                "mean": 3.307351165980796,
                "std": 1.2753377682858602,
                "min": 1.1,
                "25%": 2.281,
                "50%": 3.07,
                "75%": 4.196,
                "max": 6.84
            },
            "DE_temperature": {
                "count": 729.0,
                "mean": 2.51757475994513,
                "std": 2.70303515662181,
                "min": -3.052,
                "25%": 0.371,
                "50%": 2.38,
                "75%": 4.251,
                "max": 10.304
            },
            "DE_air_density": {
                "count": 729.0,
                "mean": 1.2464938271604937,
                "std": 0.021958884601514073,
                "min": 1.198,
                "25%": 1.231,
                "50%": 1.248,
                "75%": 1.262,
                "max": 1.291
            }
        },
        "02": {
            "DE_wind_capacity": {
                "count": 426.0,
                "mean": 50452.0,
                "std": 0.0,
                "min": 50452.0,
                "25%": 50452.0,
                "50%": 50452.0,
                "75%": 50452.0,
                "max": 50452.0
            },
            "DE_wind_speed": {
                "count": 426.0,
                "mean": 4.950110328638498,
                "std": 2.0801591985538903,
                "min": 1.219,
                "25%": 3.3965,
                "50%": 4.7235,
                "75%": 6.110250000000001,
                "max": 10.075
            },
            "DE_temperature": {
                "count": 426.0,
                "mean": 4.635098591549296,
                "std": 3.1043637104449315,
                "min": -1.458,
                "25%": 2.2182500000000003,
                "50%": 4.583,
                "75%": 7.054,
                "max": 12.171
            },
            "DE_air_density": {
                "count": 426.0,
                "mean": 1.2271760563380283,
                "std": 0.022664914361170022,
                "min": 1.18,
                "25%": 1.211,
                "50%": 1.228,
                "75%": 1.244,
                "max": 1.271
            }
        }
    }
}